[
  {
    "id": 1,
    "kodeAsset": "PRI-0001",
    "nameCategory": "Printer",
    "description": "-",
    "serialNumber": "-",
    "quantity": 2,
    "price": 10000,
    "purchaseDate": "2025-06-02",
    "division": "IT",
    "username": "Hafri",
    "brand": "Asus",
    "photo": "1748826036814.jpeg"
  },
  {
    "id": 2,
    "kodeAsset": "PRI-0002",
    "nameCategory": "Printer",
    "description": "-",
    "serialNumber": "-",
    "quantity": 1,
    "price": 10000,
    "purchaseDate": "2025-06-03",
    "division": "IT",
    "username": "Hafri",
    "brand": "Asus",
    "photo": "1748826036814.jpeg"
  },
  {
    "id": 3,
    "kodeAsset": "PRI-0003",
    "nameCategory": "Printer",
    "description": "-",
    "serialNumber": "-",
    "quantity": 1,
    "price": 10000,
    "purchaseDate": "2025-06-04",
    "division": "IT",
    "username": "Hafri",
    "brand": "Asus",
    "photo": "1748826036814.jpeg"
  },
  {
    "id": 4,
    "kodeAsset": "PRI-0004",
    "nameCategory": "Printer",
    "description": "-",
    "serialNumber": "-",
    "quantity": 1,
    "price": 10000,
    "purchaseDate": "2025-06-05",
    "division": "IT",
    "username": "Hafri",
    "brand": "Asus",
    "photo": "1748826036814.jpeg"
  },
  {
    "id": 5,
    "kodeAsset": "PRI-0005",
    "nameCategory": "Printer",
    "description": "-",
    "serialNumber": "-",
    "quantity": 1,
    "price": 10000,
    "purchaseDate": "2025-06-06",
    "division": "IT",
    "username": "Hafri",
    "brand": "Asus",
    "photo": "1748826036814.jpeg"
  },
  {
    "id": 6,
    "kodeAsset": "PRI-0006",
    "nameCategory": "Printer",
    "description": "-",
    "serialNumber": "-",
    "quantity": 1,
    "price": 10000,
    "purchaseDate": "2025-06-07",
    "division": "IT",
    "username": "Hafri",
    "brand": "Asus",
    "photo": "1748826036814.jpeg"
  },
  {
    "id": 7,
    "kodeAsset": "PRI-0007",
    "nameCategory": "Printer",
    "description": "-",
    "serialNumber": "-",
    "quantity": 1,
    "price": 10000,
    "purchaseDate": "2025-06-08",
    "division": "IT",
    "username": "Hafri",
    "brand": "Asus",
    "photo": "1748826036814.jpeg"
  },
  {
    "id": 8,
    "kodeAsset": "PRI-0008",
    "nameCategory": "Printer",
    "description": "-",
    "serialNumber": "-",
    "quantity": 1,
    "price": 10000,
    "purchaseDate": "2025-06-09",
    "division": "IT",
    "username": "Hafri",
    "brand": "Asus",
    "photo": "1748826036814.jpeg"
  },
  {
    "id": 9,
    "kodeAsset": "PRI-0009",
    "nameCategory": "Printer",
    "description": "-",
    "serialNumber": "-",
    "quantity": 1,
    "price": 10000,
    "purchaseDate": "2025-06-10",
    "division": "IT",
    "username": "Hafri",
    "brand": "Asus",
    "photo": "1748826036814.jpeg"
  },
  {
    "id": 10,
    "kodeAsset": "PRI-0010",
    "nameCategory": "Printer",
    "description": "-",
    "serialNumber": "-",
    "quantity": 1,
    "price": 10000,
    "purchaseDate": "2025-06-11",
    "division": "IT",
    "username": "Hafri",
    "brand": "Asus",
    "photo": "1748826036814.jpeg"
  },
  {
    "id": 11,
    "kodeAsset": "PRI-0011",
    "nameCategory": "Printer",
    "description": "-",
    "serialNumber": "-",
    "quantity": 1,
    "price": 10000,
    "purchaseDate": "2025-06-12",
    "division": "IT",
    "username": "Hafri",
    "brand": "Asus",
    "photo": "1748826036814.jpeg"
  },
  {
    "id": 12,
    "kodeAsset": "PRI-0012",
    "nameCategory": "Printer",
    "description": "-",
    "serialNumber": "-",
    "quantity": 1,
    "price": 10000,
    "purchaseDate": "2025-06-13",
    "division": "IT",
    "username": "Hafri",
    "brand": "Asus",
    "photo": "1748826036814.jpeg"
  },
  {
    "id": 13,
    "kodeAsset": "PRI-0013",
    "nameCategory": "Printer",
    "description": "-",
    "serialNumber": "-",
    "quantity": 1,
    "price": 10000,
    "purchaseDate": "2025-06-14",
    "division": "IT",
    "username": "Hafri",
    "brand": "Asus",
    "photo": "1748826036814.jpeg"
  },
  {
    "id": 14,
    "kodeAsset": "PRI-0014",
    "nameCategory": "Printer",
    "description": "-",
    "serialNumber": "-",
    "quantity": 1,
    "price": 10000,
    "purchaseDate": "2025-06-15",
    "division": "IT",
    "username": "Hafri",
    "brand": "Asus",
    "photo": "1748826036814.jpeg"
  },
  {
    "id": 15,
    "kodeAsset": "PRI-0015",
    "nameCategory": "Printer",
    "description": "-",
    "serialNumber": "-",
    "quantity": 1,
    "price": 10000,
    "purchaseDate": "2025-06-16",
    "division": "IT",
    "username": "Hafri",
    "brand": "Asus",
    "photo": "1748826036814.jpeg"
  },
  {
    "id": 16,
    "kodeAsset": "PRI-0016",
    "nameCategory": "Printer",
    "description": "-",
    "serialNumber": "-",
    "quantity": 1,
    "price": 10000,
    "purchaseDate": "2025-06-17",
    "division": "IT",
    "username": "Hafri",
    "brand": "Asus",
    "photo": "1748826036814.jpeg"
  },
  {
    "id": 17,
    "kodeAsset": "PRI-0017",
    "nameCategory": "Printer",
    "description": "-",
    "serialNumber": "-",
    "quantity": 1,
    "price": 10000,
    "purchaseDate": "2025-06-18",
    "division": "IT",
    "username": "Hafri",
    "brand": "Asus",
    "photo": "1748826036814.jpeg"
  },
  {
    "id": 18,
    "kodeAsset": "PRI-0018",
    "nameCategory": "Printer",
    "description": "-",
    "serialNumber": "-",
    "quantity": 1,
    "price": 10000,
    "purchaseDate": "2025-06-19",
    "division": "IT",
    "username": "Hafri",
    "brand": "Asus",
    "photo": "1748826036814.jpeg"
  },
  {
    "id": 19,
    "kodeAsset": "PRI-0019",
    "nameCategory": "Printer",
    "description": "-",
    "serialNumber": "-",
    "quantity": 1,
    "price": 10000,
    "purchaseDate": "2025-06-20",
    "division": "IT",
    "username": "Hafri",
    "brand": "Asus",
    "photo": "1748826036814.jpeg"
  },
  {
    "id": 20,
    "kodeAsset": "PRI-0020",
    "nameCategory": "Printer",
    "description": "-",
    "serialNumber": "-",
    "quantity": 1,
    "price": 10000,
    "purchaseDate": "2025-06-21",
    "division": "IT",
    "username": "Hafri",
    "brand": "Asus",
    "photo": "1748826036814.jpeg"
  }
]